--
-- Author:  samuel.delgado@controltechcg.com
-- Created: 29/05/2018 Issue #169 (SICDI-Controltech) feature-169
--

-- -----------------------------------------------------------------------------
-- TABLA: WILDCARD_NOTIFICACION
-- -----------------------------------------------------------------------------

CREATE TABLE WILDCARD_NOTIFICACION(
    WNF_ID              NUMBER(38)          NOT NULL,
    NOMBRE              VARCHAR2(64 CHAR)   NOT NULL,
    VALOR               VARCHAR2(64 CHAR)   NOT NULL,
    PRIMARY KEY (WNF_ID)
);

COMMENT ON TABLE WILDCARD_NOTIFICACION
IS 'Información y parametrización de variables para agregar en el cuerpo de la notificación';

COMMENT ON COLUMN WILDCARD_NOTIFICACION.WNF_ID
IS 'Código asignado a la variable del cuerpo de la notificación.';
COMMENT ON COLUMN WILDCARD_NOTIFICACION.NOMBRE
IS 'Nombre asignado a la variable del cuerpo de la notificación.';
COMMENT ON COLUMN WILDCARD_NOTIFICACION.VALOR
IS 'Valor asignado a la variable del cuerpo de la notificación.';

-- -----------------------------------------------------------------------------
-- TABLA: TIPO_NOTIFICACION
-- -----------------------------------------------------------------------------

CREATE TABLE TIPO_NOTIFICACION(
    TNF_ID              NUMBER(38)          NOT NULL,
    NOMBRE              VARCHAR2(64 CHAR)   NOT NULL,
    VALOR               NUMBER(38)          NOT NULL,
    ACTIVO              NUMBER(1)           NOT NULL,    
    QUIEN               NUMBER(38)          NOT NULL,
    CUANDO              TIMESTAMP           NOT NULL,
    QUIEN_MOD           NUMBER(38)          NULL,
    CUANDO_MOD          TIMESTAMP           NULL,
    PRIMARY KEY (TNF_ID)
);

COMMENT ON TABLE TIPO_NOTIFICACION
IS 'Información y parametrización de notificaciones utilizadas en el sistema.';

COMMENT ON COLUMN TIPO_NOTIFICACION.TNF_ID
IS 'Código asignado al tipo de notificación.';
COMMENT ON COLUMN TIPO_NOTIFICACION.NOMBRE
IS 'Nombre asignado al tipo de notificación.';
COMMENT ON COLUMN TIPO_NOTIFICACION.VALOR
IS 'Valor asignado al tipo de notificación.';
COMMENT ON COLUMN TIPO_NOTIFICACION.ACTIVO
IS 'Indicador de actividad (0=activo;1=inactivo).';
COMMENT ON COLUMN TIPO_NOTIFICACION.QUIEN
IS 'ID del usuario creador del tipo de notificación.';
COMMENT ON COLUMN TIPO_NOTIFICACION.CUANDO
IS 'Fecha y hora de creación del tipo de notificación.';
COMMENT ON COLUMN TIPO_NOTIFICACION.QUIEN_MOD
IS 'ID del último usuario que modificó el tipo de notificación.';
COMMENT ON COLUMN TIPO_NOTIFICACION.CUANDO_MOD
IS 'Fecha y hora de la última modificación del tipo de notificación.';

ALTER TABLE TIPO_NOTIFICACION
ADD CONSTRAINT TIPO_NOTIFICACION_QUIEN_FK
FOREIGN KEY (QUIEN)
REFERENCES USUARIO (USU_ID);

ALTER TABLE TIPO_NOTIFICACION
ADD CONSTRAINT TIPO_NOTIFICACION_QUIEN_MOD_FK
FOREIGN KEY (QUIEN_MOD)
REFERENCES USUARIO (USU_ID);

-- -----------------------------------------------------------------------------
-- TABLA: WILDCARD_TIPO_NOTIFICACION
-- -----------------------------------------------------------------------------

CREATE TABLE WILDCARD_TIPO_NOTIFICACION(
    TNF_ID               NUMBER(38)          NOT NULL,
    WNF_ID               NUMBER(38)          NOT NULL,
    PRIMARY KEY (TNF_ID, WNF_ID)
);

COMMENT ON TABLE WILDCARD_TIPO_NOTIFICACION
IS 'Tabla intermedia entre TIPO_NOTIFICACION y WILDCARD_NOTIFICACION.';

COMMENT ON COLUMN WILDCARD_TIPO_NOTIFICACION.TNF_ID
IS 'ID de el tipo de notificación.';
COMMENT ON COLUMN WILDCARD_TIPO_NOTIFICACION.WNF_ID
IS 'ID de la variable para el cuerpo de la notificación';

ALTER TABLE WILDCARD_TIPO_NOTIFICACION
ADD CONSTRAINT WILDCARD_TIPO_NTF_TIPO_NTF_FK
FOREIGN KEY (TNF_ID)
REFERENCES TIPO_NOTIFICACION (TNF_ID);

ALTER TABLE WILDCARD_TIPO_NOTIFICACION
ADD CONSTRAINT WILDCARD_TIPO_NTF_WILD_NTF_FK
FOREIGN KEY (WNF_ID)
REFERENCES WILDCARD_NOTIFICACION (WNF_ID);


-- -----------------------------------------------------------------------------
-- TABLA: NOTIFICACION
-- -----------------------------------------------------------------------------

CREATE TABLE NOTIFICACION(
    NTF_ID              NUMBER(38)          NOT NULL,
    TNF_ID              NUMBER(38)          NOT NULL,
    CLA_ID              NUMBER(38)          NOT NULL,
    ASUNTO              VARCHAR2(64 CHAR)   NOT NULL,
    CUERPO              CLOB                NOT NULL,
    ACTIVO              NUMBER(1)           NOT NULL,
    QUIEN               NUMBER(38)          NOT NULL,
    CUANDO              TIMESTAMP           NOT NULL,
    QUIEN_MOD           NUMBER(38)          NULL,
    CUANDO_MOD          TIMESTAMP           NULL,
    PRIMARY KEY (NTF_ID)
);

CREATE SEQUENCE NOTIFICACION_SEQ;

COMMENT ON TABLE NOTIFICACION
IS 'Información y parametrización de notificaciones utilizadas en el sistema.';

COMMENT ON COLUMN NOTIFICACION.NTF_ID
IS 'Código asignado a la notificación.';
COMMENT ON COLUMN NOTIFICACION.TNF_ID
IS 'ID de el tipo de notificación';
COMMENT ON COLUMN NOTIFICACION.CLA_ID
IS 'ID de el nivel de clasificaón de la notificación';
COMMENT ON COLUMN NOTIFICACION.ASUNTO
IS 'Asunto de la notificación';
COMMENT ON COLUMN NOTIFICACION.CUERPO
IS 'Es el segmento de codigo ftl del template de la notificación';
COMMENT ON COLUMN NOTIFICACION.ACTIVO
IS 'Indicador de actividad (0=activo;1=inactivo).';
COMMENT ON COLUMN NOTIFICACION.QUIEN
IS 'ID del usuario creador de la notificación.';
COMMENT ON COLUMN NOTIFICACION.CUANDO
IS 'Fecha y hora de creación de la notificación.';
COMMENT ON COLUMN NOTIFICACION.QUIEN_MOD
IS 'ID del último usuario que modificó la notificación.';
COMMENT ON COLUMN NOTIFICACION.CUANDO_MOD
IS 'Fecha y hora de la última modificación de la notificación.';

ALTER TABLE NOTIFICACION
ADD CONSTRAINT NOTIFICACION_QUIEN_FK
FOREIGN KEY (QUIEN)
REFERENCES USUARIO (USU_ID);

ALTER TABLE NOTIFICACION
ADD CONSTRAINT NOTIFICACION_QUIEN_MOD_FK
FOREIGN KEY (QUIEN_MOD)
REFERENCES USUARIO (USU_ID);

ALTER TABLE NOTIFICACION
ADD CONSTRAINT NOTIFICACION_TNF_ID_FK
FOREIGN KEY (TNF_ID)
REFERENCES TIPO_NOTIFICACION (TNF_ID);

CREATE INDEX NOTIFICACION_ACTIVO_IDX 
ON NOTIFICACION (ACTIVO);

-- -----------------------------------------------------------------------------
-- TABLA: H_NOTIFICACION
-- -----------------------------------------------------------------------------

CREATE TABLE H_NOTIFICACION(
    HNT_ID              NUMBER(38)          NOT NULL,
    TNF_ID              NUMBER(38)          NOT NULL,
    CLA_ID              NUMBER(38)          NOT NULL,
    ASUNTO              VARCHAR2(64 CHAR)   NOT NULL,
    CUERPO              CLOB                NOT NULL,
    ACTIVO              NUMBER(1)           NOT NULL,
    QUIEN               NUMBER(38)          NOT NULL,
    CUANDO              TIMESTAMP           NOT NULL,
    QUIEN_MOD           NUMBER(38)          NULL,
    CUANDO_MOD          TIMESTAMP           NULL,
    PRIMARY KEY (HNT_ID)
);

COMMENT ON TABLE H_NOTIFICACION
IS 'Información y parametrización histórica de notificaciones en el sistema.';

COMMENT ON COLUMN H_NOTIFICACION.HNT_ID
IS 'Código asignado a la notificación.';
COMMENT ON COLUMN H_NOTIFICACION.TNF_ID
IS 'ID de el tipo de notificación';
COMMENT ON COLUMN H_NOTIFICACION.CLA_ID
IS 'ID de el nivel de clasificaón de la notificación';
COMMENT ON COLUMN H_NOTIFICACION.ASUNTO
IS 'Asunto de la notificación';
COMMENT ON COLUMN H_NOTIFICACION.CUERPO
IS 'Es el segmento de codigo ftl del template de la notificación';
COMMENT ON COLUMN H_NOTIFICACION.ACTIVO
IS 'Indicador de actividad (0=activo;1=inactivo).';
COMMENT ON COLUMN H_NOTIFICACION.QUIEN
IS 'ID del usuario creador de la notificación.';
COMMENT ON COLUMN H_NOTIFICACION.CUANDO
IS 'Fecha y hora de creación de la notificación.';
COMMENT ON COLUMN H_NOTIFICACION.QUIEN_MOD
IS 'ID del último usuario que modificó la notificación.';
COMMENT ON COLUMN H_NOTIFICACION.CUANDO_MOD
IS 'Fecha y hora de la última modificación de la notificación.';

CREATE SEQUENCE H_NOTIFICACION_SEQ;

ALTER TABLE H_NOTIFICACION
ADD CONSTRAINT H_NOTIFICACION_QUIEN_FK
FOREIGN KEY (QUIEN)
REFERENCES USUARIO (USU_ID);

ALTER TABLE H_NOTIFICACION
ADD CONSTRAINT H_NOTIFICACION_QUIEN_MOD_FK
FOREIGN KEY (QUIEN_MOD)
REFERENCES USUARIO (USU_ID);

ALTER TABLE H_NOTIFICACION
ADD CONSTRAINT H_NOTIFICACION_TNF_ID_FK
FOREIGN KEY (TNF_ID)
REFERENCES TIPO_NOTIFICACION (TNF_ID);

CREATE INDEX H_NOTIFICACION_ACTIVO_IDX 
ON H_NOTIFICACION (ACTIVO);

-- -----------------------------------------------------------------------------
-- TABLA: ROL
-- -----------------------------------------------------------------------------

INSERT INTO ROL 
    (ROL_ID, QUIEN, CUANDO, QUIEN_MOD, CUANDO_MOD, ACTIVO, ROL_NOMBRE) 
VALUES 
    ('ADMIN_NOTIFICACIONES',3390, SYSDATE,3390,SYSDATE,1,'Administrar notificaciones')
;

-- -----------------------------------------------------------------------------
-- TRIGGER: TRG_REGISTRO_H_NOTIFICACION
-- -----------------------------------------------------------------------------

CREATE OR REPLACE TRIGGER TRG_REGISTRO_H_NOTIFICACION
AFTER INSERT OR UPDATE ON NOTIFICACION 
FOR EACH ROW
BEGIN
    INSERT INTO H_NOTIFICACION
    (
        HNT_ID,      
        TNF_ID,
        CLA_ID,
        ASUNTO,
        CUERPO,    
        ACTIVO,    
        QUIEN,     
        CUANDO,    
        QUIEN_MOD, 
        CUANDO_MOD
    ) VALUES (
        H_NOTIFICACION_SEQ.NEXTVAL,      
        :NEW.TNF_ID,
        :NEW.CLA_ID,
        :NEW.ASUNTO,
        :NEW.CUERPO,    
        :NEW.ACTIVO,    
        :NEW.QUIEN,     
        :NEW.CUANDO,    
        :NEW.QUIEN_MOD, 
        :NEW.CUANDO_MOD
    );
END;


-- -----------------------------------------------------------------------------
-- TABLA: USUARIO
-- -----------------------------------------------------------------------------

-- ALTER TABLE USUARIO ADD ACTIVE_NTF NUMBER(1) NOT NULL DEFAULT 1;

-- -----------------------------------------------------------------------------
-- -----------------------------------------------------------------------------
-- -----------------------------------------------------------------------------
-- TEST: CASES 
-- -----------------------------------------------------------------------------
-- -----------------------------------------------------------------------------
-- -----------------------------------------------------------------------------

--------------------------------------------------------
-- Archivo creado  - miercoles-junio-06-2018   
--------------------------------------------------------

INSERT INTO WILDCARD_NOTIFICACION (WNF_ID,NOMBRE,VALOR) VALUES ('10','Nombre usuario','usuario.nombre');
INSERT INTO WILDCARD_NOTIFICACION (WNF_ID,NOMBRE,VALOR) VALUES ('11','Documento identificación usuario','usuario.documento');
INSERT INTO WILDCARD_NOTIFICACION (WNF_ID,NOMBRE,VALOR) VALUES ('20','Teléfono usuario','usuario.telefono');
INSERT INTO WILDCARD_NOTIFICACION (WNF_ID,NOMBRE,VALOR) VALUES ('21','Grado usuario','usuario.usuGrado.nombre');
INSERT INTO WILDCARD_NOTIFICACION (WNF_ID,NOMBRE,VALOR) VALUES ('30','Clasificación usuario','usuario.clasificacion.nombre');
INSERT INTO WILDCARD_NOTIFICACION (WNF_ID,NOMBRE,VALOR) VALUES ('31','Email usuario','usuario.email');
INSERT INTO WILDCARD_NOTIFICACION (WNF_ID,NOMBRE,VALOR) VALUES ('40','Cargo principal usuario','usuario.usuCargoPrincipalId');

INSERT INTO WILDCARD_NOTIFICACION (WNF_ID,NOMBRE,VALOR) VALUES ('41','Asunto documento','documento.asunto');
INSERT INTO WILDCARD_NOTIFICACION (WNF_ID,NOMBRE,VALOR) VALUES ('50','Trd principal documento','documento.trd.nombre');
INSERT INTO WILDCARD_NOTIFICACION (WNF_ID,NOMBRE,VALOR) VALUES ('51','Clasificación documento','documento.clasificacion.nombre');
INSERT INTO WILDCARD_NOTIFICACION (WNF_ID,NOMBRE,VALOR) VALUES ('60','Número de oficios documento','documento.numeroOficio');
INSERT INTO WILDCARD_NOTIFICACION (WNF_ID,NOMBRE,VALOR) VALUES ('61','Plazo del documento','documento.plazo');
INSERT INTO WILDCARD_NOTIFICACION (WNF_ID,NOMBRE,VALOR) VALUES ('70','Dependencia remitente documento','documento.dependenciaRemitente.nombre');
INSERT INTO WILDCARD_NOTIFICACION (WNF_ID,NOMBRE,VALOR) VALUES ('71','Dependencia destino documento','documento.dependenciaDestino.nombre');
INSERT INTO WILDCARD_NOTIFICACION (WNF_ID,NOMBRE,VALOR) VALUES ('80','Número folios documento','documento.numeroFolios');
INSERT INTO WILDCARD_NOTIFICACION (WNF_ID,NOMBRE,VALOR) VALUES ('81','Usuario que elabora documento','documento.elabora.nombre');
INSERT INTO WILDCARD_NOTIFICACION (WNF_ID,NOMBRE,VALOR) VALUES ('82','Grado usuario que elabora documento','documento.elabora.usuGrado.nombre');
INSERT INTO WILDCARD_NOTIFICACION (WNF_ID,NOMBRE,VALOR) VALUES ('90','Usuario que Aprueba documento','documento.aprueba.nombre');
INSERT INTO WILDCARD_NOTIFICACION (WNF_ID,NOMBRE,VALOR) VALUES ('91','Radicado documento','documento.radicado');

INSERT INTO WILDCARD_NOTIFICACION (WNF_ID,NOMBRE,VALOR) VALUES ('100','Estado instancia','instancia.estado.nombre');

INSERT INTO TIPO_NOTIFICACION (TNF_ID,NOMBRE,VALOR,ACTIVO,QUIEN,CUANDO,QUIEN_MOD,CUANDO_MOD) VALUES ('10','NOTIFICACIÓN REVISIÓN','54','1','3390',sysdate,'3390',sysdate);
INSERT INTO TIPO_NOTIFICACION (TNF_ID,NOMBRE,VALOR,ACTIVO,QUIEN,CUANDO,QUIEN_MOD,CUANDO_MOD) VALUES ('20','NOTIFICACIÓN VISTO BUENO','56','1','3390',sysdate,'3390',sysdate);
INSERT INTO TIPO_NOTIFICACION (TNF_ID,NOMBRE,VALOR,ACTIVO,QUIEN,CUANDO,QUIEN_MOD,CUANDO_MOD) VALUES ('30','NOTIFICACIÓN FIRMA','58','1','3390',sysdate,'3390',sysdate);

INSERT INTO TIPO_NOTIFICACION (TNF_ID,NOMBRE,VALOR,ACTIVO,QUIEN,CUANDO,QUIEN_MOD,CUANDO_MOD) VALUES ('40','NOTIFICACIÓN DOCUMENTO A VENCER PLAZO','-1','1','3390',sysdate,'3390',sysdate);
INSERT INTO TIPO_NOTIFICACION (TNF_ID,NOMBRE,VALOR,ACTIVO,QUIEN,CUANDO,QUIEN_MOD,CUANDO_MOD) VALUES ('50','NOTIFICACIÓN DOCUMENTO A VENCER HOY','-1','1','3390',sysdate,'3390',sysdate);

INSERT INTO TIPO_NOTIFICACION (TNF_ID,NOMBRE,VALOR,ACTIVO,QUIEN,CUANDO,QUIEN_MOD,CUANDO_MOD) VALUES ('60','HEADER HTML','-1','1','3390',sysdate,'3390',sysdate);
INSERT INTO TIPO_NOTIFICACION (TNF_ID,NOMBRE,VALOR,ACTIVO,QUIEN,CUANDO,QUIEN_MOD,CUANDO_MOD) VALUES ('70','FOOTER HTML','-1','1','3390',sysdate,'3390',sysdate);

INSERT INTO TIPO_NOTIFICACION (TNF_ID,NOMBRE,VALOR,ACTIVO,QUIEN,CUANDO,QUIEN_MOD,CUANDO_MOD) VALUES ('80','NOTIFICACIÓN APROBADA','55','1','3390',sysdate,'3390',sysdate);
INSERT INTO TIPO_NOTIFICACION (TNF_ID,NOMBRE,VALOR,ACTIVO,QUIEN,CUANDO,QUIEN_MOD,CUANDO_MOD) VALUES ('90','NOTIFICACIÓN DEVUELTA PARA CORRECCIONES','61','1','3390',sysdate,'3390',sysdate);
INSERT INTO TIPO_NOTIFICACION (TNF_ID,NOMBRE,VALOR,ACTIVO,QUIEN,CUANDO,QUIEN_MOD,CUANDO_MOD) VALUES ('100','NOTIFICACIÓN ANULADA','83','1','3390',sysdate,'3390',sysdate);
INSERT INTO TIPO_NOTIFICACION (TNF_ID,NOMBRE,VALOR,ACTIVO,QUIEN,CUANDO,QUIEN_MOD,CUANDO_MOD) VALUES ('110','NOTIFICACIÓN FIRMADA Y ENVIADA','49','1','3390',sysdate,'3390',sysdate);
INSERT INTO TIPO_NOTIFICACION (TNF_ID,NOMBRE,VALOR,ACTIVO,QUIEN,CUANDO,QUIEN_MOD,CUANDO_MOD) VALUES ('120','NOTIFICACIÓN NUEVO DOCUMENTO EN BANDEJA DE ENTRADA','49','1','3390',sysdate,'3390',sysdate);



INSERT INTO WILDCARD_TIPO_NOTIFICACION (TNF_ID,WNF_ID) VALUES ('10','10');
INSERT INTO WILDCARD_TIPO_NOTIFICACION (TNF_ID,WNF_ID) VALUES ('10','11');
INSERT INTO WILDCARD_TIPO_NOTIFICACION (TNF_ID,WNF_ID) VALUES ('10','20');
INSERT INTO WILDCARD_TIPO_NOTIFICACION (TNF_ID,WNF_ID) VALUES ('10','21');
INSERT INTO WILDCARD_TIPO_NOTIFICACION (TNF_ID,WNF_ID) VALUES ('10','30');
INSERT INTO WILDCARD_TIPO_NOTIFICACION (TNF_ID,WNF_ID) VALUES ('10','31');
INSERT INTO WILDCARD_TIPO_NOTIFICACION (TNF_ID,WNF_ID) VALUES ('10','40');
INSERT INTO WILDCARD_TIPO_NOTIFICACION (TNF_ID,WNF_ID) VALUES ('10','41');
INSERT INTO WILDCARD_TIPO_NOTIFICACION (TNF_ID,WNF_ID) VALUES ('10','50');
INSERT INTO WILDCARD_TIPO_NOTIFICACION (TNF_ID,WNF_ID) VALUES ('10','51');
INSERT INTO WILDCARD_TIPO_NOTIFICACION (TNF_ID,WNF_ID) VALUES ('10','60');
INSERT INTO WILDCARD_TIPO_NOTIFICACION (TNF_ID,WNF_ID) VALUES ('10','61');
INSERT INTO WILDCARD_TIPO_NOTIFICACION (TNF_ID,WNF_ID) VALUES ('10','70');
INSERT INTO WILDCARD_TIPO_NOTIFICACION (TNF_ID,WNF_ID) VALUES ('10','71');
INSERT INTO WILDCARD_TIPO_NOTIFICACION (TNF_ID,WNF_ID) VALUES ('10','80');
INSERT INTO WILDCARD_TIPO_NOTIFICACION (TNF_ID,WNF_ID) VALUES ('10','81');
INSERT INTO WILDCARD_TIPO_NOTIFICACION (TNF_ID,WNF_ID) VALUES ('10','82');
INSERT INTO WILDCARD_TIPO_NOTIFICACION (TNF_ID,WNF_ID) VALUES ('10','90');
INSERT INTO WILDCARD_TIPO_NOTIFICACION (TNF_ID,WNF_ID) VALUES ('10','91');
INSERT INTO WILDCARD_TIPO_NOTIFICACION (TNF_ID,WNF_ID) VALUES ('10','100');

INSERT INTO WILDCARD_TIPO_NOTIFICACION (TNF_ID,WNF_ID) VALUES ('20','10');
INSERT INTO WILDCARD_TIPO_NOTIFICACION (TNF_ID,WNF_ID) VALUES ('20','11');
INSERT INTO WILDCARD_TIPO_NOTIFICACION (TNF_ID,WNF_ID) VALUES ('20','20');
INSERT INTO WILDCARD_TIPO_NOTIFICACION (TNF_ID,WNF_ID) VALUES ('20','21');
INSERT INTO WILDCARD_TIPO_NOTIFICACION (TNF_ID,WNF_ID) VALUES ('20','30');
INSERT INTO WILDCARD_TIPO_NOTIFICACION (TNF_ID,WNF_ID) VALUES ('20','31');
INSERT INTO WILDCARD_TIPO_NOTIFICACION (TNF_ID,WNF_ID) VALUES ('20','40');
INSERT INTO WILDCARD_TIPO_NOTIFICACION (TNF_ID,WNF_ID) VALUES ('20','41');
INSERT INTO WILDCARD_TIPO_NOTIFICACION (TNF_ID,WNF_ID) VALUES ('20','50');
INSERT INTO WILDCARD_TIPO_NOTIFICACION (TNF_ID,WNF_ID) VALUES ('20','51');
INSERT INTO WILDCARD_TIPO_NOTIFICACION (TNF_ID,WNF_ID) VALUES ('20','60');
INSERT INTO WILDCARD_TIPO_NOTIFICACION (TNF_ID,WNF_ID) VALUES ('20','61');
INSERT INTO WILDCARD_TIPO_NOTIFICACION (TNF_ID,WNF_ID) VALUES ('20','70');
INSERT INTO WILDCARD_TIPO_NOTIFICACION (TNF_ID,WNF_ID) VALUES ('20','71');
INSERT INTO WILDCARD_TIPO_NOTIFICACION (TNF_ID,WNF_ID) VALUES ('20','80');
INSERT INTO WILDCARD_TIPO_NOTIFICACION (TNF_ID,WNF_ID) VALUES ('20','81');
INSERT INTO WILDCARD_TIPO_NOTIFICACION (TNF_ID,WNF_ID) VALUES ('20','82');
INSERT INTO WILDCARD_TIPO_NOTIFICACION (TNF_ID,WNF_ID) VALUES ('20','90');
INSERT INTO WILDCARD_TIPO_NOTIFICACION (TNF_ID,WNF_ID) VALUES ('20','91');
INSERT INTO WILDCARD_TIPO_NOTIFICACION (TNF_ID,WNF_ID) VALUES ('20','100');

INSERT INTO WILDCARD_TIPO_NOTIFICACION (TNF_ID,WNF_ID) VALUES ('30','10');
INSERT INTO WILDCARD_TIPO_NOTIFICACION (TNF_ID,WNF_ID) VALUES ('30','11');
INSERT INTO WILDCARD_TIPO_NOTIFICACION (TNF_ID,WNF_ID) VALUES ('30','20');
INSERT INTO WILDCARD_TIPO_NOTIFICACION (TNF_ID,WNF_ID) VALUES ('30','21');
INSERT INTO WILDCARD_TIPO_NOTIFICACION (TNF_ID,WNF_ID) VALUES ('30','30');
INSERT INTO WILDCARD_TIPO_NOTIFICACION (TNF_ID,WNF_ID) VALUES ('30','31');
INSERT INTO WILDCARD_TIPO_NOTIFICACION (TNF_ID,WNF_ID) VALUES ('30','40');
INSERT INTO WILDCARD_TIPO_NOTIFICACION (TNF_ID,WNF_ID) VALUES ('30','41');
INSERT INTO WILDCARD_TIPO_NOTIFICACION (TNF_ID,WNF_ID) VALUES ('30','50');
INSERT INTO WILDCARD_TIPO_NOTIFICACION (TNF_ID,WNF_ID) VALUES ('30','51');
INSERT INTO WILDCARD_TIPO_NOTIFICACION (TNF_ID,WNF_ID) VALUES ('30','60');
INSERT INTO WILDCARD_TIPO_NOTIFICACION (TNF_ID,WNF_ID) VALUES ('30','61');
INSERT INTO WILDCARD_TIPO_NOTIFICACION (TNF_ID,WNF_ID) VALUES ('30','70');
INSERT INTO WILDCARD_TIPO_NOTIFICACION (TNF_ID,WNF_ID) VALUES ('30','71');
INSERT INTO WILDCARD_TIPO_NOTIFICACION (TNF_ID,WNF_ID) VALUES ('30','80');
INSERT INTO WILDCARD_TIPO_NOTIFICACION (TNF_ID,WNF_ID) VALUES ('30','81');
INSERT INTO WILDCARD_TIPO_NOTIFICACION (TNF_ID,WNF_ID) VALUES ('30','82');
INSERT INTO WILDCARD_TIPO_NOTIFICACION (TNF_ID,WNF_ID) VALUES ('30','90');
INSERT INTO WILDCARD_TIPO_NOTIFICACION (TNF_ID,WNF_ID) VALUES ('30','91');
INSERT INTO WILDCARD_TIPO_NOTIFICACION (TNF_ID,WNF_ID) VALUES ('30','100');

INSERT INTO WILDCARD_TIPO_NOTIFICACION (TNF_ID,WNF_ID) VALUES ('40','10');
INSERT INTO WILDCARD_TIPO_NOTIFICACION (TNF_ID,WNF_ID) VALUES ('40','11');
INSERT INTO WILDCARD_TIPO_NOTIFICACION (TNF_ID,WNF_ID) VALUES ('40','20');
INSERT INTO WILDCARD_TIPO_NOTIFICACION (TNF_ID,WNF_ID) VALUES ('40','21');
INSERT INTO WILDCARD_TIPO_NOTIFICACION (TNF_ID,WNF_ID) VALUES ('40','30');
INSERT INTO WILDCARD_TIPO_NOTIFICACION (TNF_ID,WNF_ID) VALUES ('40','31');
INSERT INTO WILDCARD_TIPO_NOTIFICACION (TNF_ID,WNF_ID) VALUES ('40','40');
INSERT INTO WILDCARD_TIPO_NOTIFICACION (TNF_ID,WNF_ID) VALUES ('40','41');
INSERT INTO WILDCARD_TIPO_NOTIFICACION (TNF_ID,WNF_ID) VALUES ('40','50');
INSERT INTO WILDCARD_TIPO_NOTIFICACION (TNF_ID,WNF_ID) VALUES ('40','51');
INSERT INTO WILDCARD_TIPO_NOTIFICACION (TNF_ID,WNF_ID) VALUES ('40','60');
INSERT INTO WILDCARD_TIPO_NOTIFICACION (TNF_ID,WNF_ID) VALUES ('40','61');
INSERT INTO WILDCARD_TIPO_NOTIFICACION (TNF_ID,WNF_ID) VALUES ('40','70');
INSERT INTO WILDCARD_TIPO_NOTIFICACION (TNF_ID,WNF_ID) VALUES ('40','71');
INSERT INTO WILDCARD_TIPO_NOTIFICACION (TNF_ID,WNF_ID) VALUES ('40','80');
INSERT INTO WILDCARD_TIPO_NOTIFICACION (TNF_ID,WNF_ID) VALUES ('40','81');
INSERT INTO WILDCARD_TIPO_NOTIFICACION (TNF_ID,WNF_ID) VALUES ('40','82');
INSERT INTO WILDCARD_TIPO_NOTIFICACION (TNF_ID,WNF_ID) VALUES ('40','90');
INSERT INTO WILDCARD_TIPO_NOTIFICACION (TNF_ID,WNF_ID) VALUES ('40','91');
INSERT INTO WILDCARD_TIPO_NOTIFICACION (TNF_ID,WNF_ID) VALUES ('40','100');

INSERT INTO WILDCARD_TIPO_NOTIFICACION (TNF_ID,WNF_ID) VALUES ('50','10');
INSERT INTO WILDCARD_TIPO_NOTIFICACION (TNF_ID,WNF_ID) VALUES ('50','11');
INSERT INTO WILDCARD_TIPO_NOTIFICACION (TNF_ID,WNF_ID) VALUES ('50','20');
INSERT INTO WILDCARD_TIPO_NOTIFICACION (TNF_ID,WNF_ID) VALUES ('50','21');
INSERT INTO WILDCARD_TIPO_NOTIFICACION (TNF_ID,WNF_ID) VALUES ('50','30');
INSERT INTO WILDCARD_TIPO_NOTIFICACION (TNF_ID,WNF_ID) VALUES ('50','31');
INSERT INTO WILDCARD_TIPO_NOTIFICACION (TNF_ID,WNF_ID) VALUES ('50','40');
INSERT INTO WILDCARD_TIPO_NOTIFICACION (TNF_ID,WNF_ID) VALUES ('50','41');
INSERT INTO WILDCARD_TIPO_NOTIFICACION (TNF_ID,WNF_ID) VALUES ('50','50');
INSERT INTO WILDCARD_TIPO_NOTIFICACION (TNF_ID,WNF_ID) VALUES ('50','51');
INSERT INTO WILDCARD_TIPO_NOTIFICACION (TNF_ID,WNF_ID) VALUES ('50','60');
INSERT INTO WILDCARD_TIPO_NOTIFICACION (TNF_ID,WNF_ID) VALUES ('50','61');
INSERT INTO WILDCARD_TIPO_NOTIFICACION (TNF_ID,WNF_ID) VALUES ('50','70');
INSERT INTO WILDCARD_TIPO_NOTIFICACION (TNF_ID,WNF_ID) VALUES ('50','71');
INSERT INTO WILDCARD_TIPO_NOTIFICACION (TNF_ID,WNF_ID) VALUES ('50','80');
INSERT INTO WILDCARD_TIPO_NOTIFICACION (TNF_ID,WNF_ID) VALUES ('50','81');
INSERT INTO WILDCARD_TIPO_NOTIFICACION (TNF_ID,WNF_ID) VALUES ('50','82');
INSERT INTO WILDCARD_TIPO_NOTIFICACION (TNF_ID,WNF_ID) VALUES ('50','90');
INSERT INTO WILDCARD_TIPO_NOTIFICACION (TNF_ID,WNF_ID) VALUES ('50','91');
INSERT INTO WILDCARD_TIPO_NOTIFICACION (TNF_ID,WNF_ID) VALUES ('50','100');

INSERT INTO WILDCARD_TIPO_NOTIFICACION (TNF_ID,WNF_ID) VALUES ('80','10');
INSERT INTO WILDCARD_TIPO_NOTIFICACION (TNF_ID,WNF_ID) VALUES ('80','11');
INSERT INTO WILDCARD_TIPO_NOTIFICACION (TNF_ID,WNF_ID) VALUES ('80','20');
INSERT INTO WILDCARD_TIPO_NOTIFICACION (TNF_ID,WNF_ID) VALUES ('80','21');
INSERT INTO WILDCARD_TIPO_NOTIFICACION (TNF_ID,WNF_ID) VALUES ('80','30');
INSERT INTO WILDCARD_TIPO_NOTIFICACION (TNF_ID,WNF_ID) VALUES ('80','31');
INSERT INTO WILDCARD_TIPO_NOTIFICACION (TNF_ID,WNF_ID) VALUES ('80','40');
INSERT INTO WILDCARD_TIPO_NOTIFICACION (TNF_ID,WNF_ID) VALUES ('80','41');
INSERT INTO WILDCARD_TIPO_NOTIFICACION (TNF_ID,WNF_ID) VALUES ('80','50');
INSERT INTO WILDCARD_TIPO_NOTIFICACION (TNF_ID,WNF_ID) VALUES ('80','51');
INSERT INTO WILDCARD_TIPO_NOTIFICACION (TNF_ID,WNF_ID) VALUES ('80','60');
INSERT INTO WILDCARD_TIPO_NOTIFICACION (TNF_ID,WNF_ID) VALUES ('80','61');
INSERT INTO WILDCARD_TIPO_NOTIFICACION (TNF_ID,WNF_ID) VALUES ('80','70');
INSERT INTO WILDCARD_TIPO_NOTIFICACION (TNF_ID,WNF_ID) VALUES ('80','71');
INSERT INTO WILDCARD_TIPO_NOTIFICACION (TNF_ID,WNF_ID) VALUES ('80','80');
INSERT INTO WILDCARD_TIPO_NOTIFICACION (TNF_ID,WNF_ID) VALUES ('80','81');
INSERT INTO WILDCARD_TIPO_NOTIFICACION (TNF_ID,WNF_ID) VALUES ('80','82');
INSERT INTO WILDCARD_TIPO_NOTIFICACION (TNF_ID,WNF_ID) VALUES ('80','90');
INSERT INTO WILDCARD_TIPO_NOTIFICACION (TNF_ID,WNF_ID) VALUES ('80','91');
INSERT INTO WILDCARD_TIPO_NOTIFICACION (TNF_ID,WNF_ID) VALUES ('80','100');

INSERT INTO WILDCARD_TIPO_NOTIFICACION (TNF_ID,WNF_ID) VALUES ('90','10');
INSERT INTO WILDCARD_TIPO_NOTIFICACION (TNF_ID,WNF_ID) VALUES ('90','11');
INSERT INTO WILDCARD_TIPO_NOTIFICACION (TNF_ID,WNF_ID) VALUES ('90','20');
INSERT INTO WILDCARD_TIPO_NOTIFICACION (TNF_ID,WNF_ID) VALUES ('90','21');
INSERT INTO WILDCARD_TIPO_NOTIFICACION (TNF_ID,WNF_ID) VALUES ('90','30');
INSERT INTO WILDCARD_TIPO_NOTIFICACION (TNF_ID,WNF_ID) VALUES ('90','31');
INSERT INTO WILDCARD_TIPO_NOTIFICACION (TNF_ID,WNF_ID) VALUES ('90','40');
INSERT INTO WILDCARD_TIPO_NOTIFICACION (TNF_ID,WNF_ID) VALUES ('90','41');
INSERT INTO WILDCARD_TIPO_NOTIFICACION (TNF_ID,WNF_ID) VALUES ('90','50');
INSERT INTO WILDCARD_TIPO_NOTIFICACION (TNF_ID,WNF_ID) VALUES ('90','51');
INSERT INTO WILDCARD_TIPO_NOTIFICACION (TNF_ID,WNF_ID) VALUES ('90','60');
INSERT INTO WILDCARD_TIPO_NOTIFICACION (TNF_ID,WNF_ID) VALUES ('90','61');
INSERT INTO WILDCARD_TIPO_NOTIFICACION (TNF_ID,WNF_ID) VALUES ('90','70');
INSERT INTO WILDCARD_TIPO_NOTIFICACION (TNF_ID,WNF_ID) VALUES ('90','71');
INSERT INTO WILDCARD_TIPO_NOTIFICACION (TNF_ID,WNF_ID) VALUES ('90','80');
INSERT INTO WILDCARD_TIPO_NOTIFICACION (TNF_ID,WNF_ID) VALUES ('90','81');
INSERT INTO WILDCARD_TIPO_NOTIFICACION (TNF_ID,WNF_ID) VALUES ('90','82');
INSERT INTO WILDCARD_TIPO_NOTIFICACION (TNF_ID,WNF_ID) VALUES ('90','90');
INSERT INTO WILDCARD_TIPO_NOTIFICACION (TNF_ID,WNF_ID) VALUES ('90','91');
INSERT INTO WILDCARD_TIPO_NOTIFICACION (TNF_ID,WNF_ID) VALUES ('90','100');

INSERT INTO WILDCARD_TIPO_NOTIFICACION (TNF_ID,WNF_ID) VALUES ('100','10');
INSERT INTO WILDCARD_TIPO_NOTIFICACION (TNF_ID,WNF_ID) VALUES ('100','11');
INSERT INTO WILDCARD_TIPO_NOTIFICACION (TNF_ID,WNF_ID) VALUES ('100','20');
INSERT INTO WILDCARD_TIPO_NOTIFICACION (TNF_ID,WNF_ID) VALUES ('100','21');
INSERT INTO WILDCARD_TIPO_NOTIFICACION (TNF_ID,WNF_ID) VALUES ('100','30');
INSERT INTO WILDCARD_TIPO_NOTIFICACION (TNF_ID,WNF_ID) VALUES ('100','31');
INSERT INTO WILDCARD_TIPO_NOTIFICACION (TNF_ID,WNF_ID) VALUES ('100','40');
INSERT INTO WILDCARD_TIPO_NOTIFICACION (TNF_ID,WNF_ID) VALUES ('100','41');
INSERT INTO WILDCARD_TIPO_NOTIFICACION (TNF_ID,WNF_ID) VALUES ('100','50');
INSERT INTO WILDCARD_TIPO_NOTIFICACION (TNF_ID,WNF_ID) VALUES ('100','51');
INSERT INTO WILDCARD_TIPO_NOTIFICACION (TNF_ID,WNF_ID) VALUES ('100','60');
INSERT INTO WILDCARD_TIPO_NOTIFICACION (TNF_ID,WNF_ID) VALUES ('100','61');
INSERT INTO WILDCARD_TIPO_NOTIFICACION (TNF_ID,WNF_ID) VALUES ('100','70');
INSERT INTO WILDCARD_TIPO_NOTIFICACION (TNF_ID,WNF_ID) VALUES ('100','71');
INSERT INTO WILDCARD_TIPO_NOTIFICACION (TNF_ID,WNF_ID) VALUES ('100','80');
INSERT INTO WILDCARD_TIPO_NOTIFICACION (TNF_ID,WNF_ID) VALUES ('100','81');
INSERT INTO WILDCARD_TIPO_NOTIFICACION (TNF_ID,WNF_ID) VALUES ('100','82');
INSERT INTO WILDCARD_TIPO_NOTIFICACION (TNF_ID,WNF_ID) VALUES ('100','90');
INSERT INTO WILDCARD_TIPO_NOTIFICACION (TNF_ID,WNF_ID) VALUES ('100','91');
INSERT INTO WILDCARD_TIPO_NOTIFICACION (TNF_ID,WNF_ID) VALUES ('100','100');

INSERT INTO WILDCARD_TIPO_NOTIFICACION (TNF_ID,WNF_ID) VALUES ('110','10');
INSERT INTO WILDCARD_TIPO_NOTIFICACION (TNF_ID,WNF_ID) VALUES ('110','11');
INSERT INTO WILDCARD_TIPO_NOTIFICACION (TNF_ID,WNF_ID) VALUES ('110','20');
INSERT INTO WILDCARD_TIPO_NOTIFICACION (TNF_ID,WNF_ID) VALUES ('110','21');
INSERT INTO WILDCARD_TIPO_NOTIFICACION (TNF_ID,WNF_ID) VALUES ('110','30');
INSERT INTO WILDCARD_TIPO_NOTIFICACION (TNF_ID,WNF_ID) VALUES ('110','31');
INSERT INTO WILDCARD_TIPO_NOTIFICACION (TNF_ID,WNF_ID) VALUES ('110','40');
INSERT INTO WILDCARD_TIPO_NOTIFICACION (TNF_ID,WNF_ID) VALUES ('110','41');
INSERT INTO WILDCARD_TIPO_NOTIFICACION (TNF_ID,WNF_ID) VALUES ('110','50');
INSERT INTO WILDCARD_TIPO_NOTIFICACION (TNF_ID,WNF_ID) VALUES ('110','51');
INSERT INTO WILDCARD_TIPO_NOTIFICACION (TNF_ID,WNF_ID) VALUES ('110','60');
INSERT INTO WILDCARD_TIPO_NOTIFICACION (TNF_ID,WNF_ID) VALUES ('110','61');
INSERT INTO WILDCARD_TIPO_NOTIFICACION (TNF_ID,WNF_ID) VALUES ('110','70');
INSERT INTO WILDCARD_TIPO_NOTIFICACION (TNF_ID,WNF_ID) VALUES ('110','71');
INSERT INTO WILDCARD_TIPO_NOTIFICACION (TNF_ID,WNF_ID) VALUES ('110','80');
INSERT INTO WILDCARD_TIPO_NOTIFICACION (TNF_ID,WNF_ID) VALUES ('110','81');
INSERT INTO WILDCARD_TIPO_NOTIFICACION (TNF_ID,WNF_ID) VALUES ('110','82');
INSERT INTO WILDCARD_TIPO_NOTIFICACION (TNF_ID,WNF_ID) VALUES ('110','90');
INSERT INTO WILDCARD_TIPO_NOTIFICACION (TNF_ID,WNF_ID) VALUES ('110','91');
INSERT INTO WILDCARD_TIPO_NOTIFICACION (TNF_ID,WNF_ID) VALUES ('110','100');

INSERT INTO WILDCARD_TIPO_NOTIFICACION (TNF_ID,WNF_ID) VALUES ('120','10');
INSERT INTO WILDCARD_TIPO_NOTIFICACION (TNF_ID,WNF_ID) VALUES ('120','11');
INSERT INTO WILDCARD_TIPO_NOTIFICACION (TNF_ID,WNF_ID) VALUES ('120','20');
INSERT INTO WILDCARD_TIPO_NOTIFICACION (TNF_ID,WNF_ID) VALUES ('120','21');
INSERT INTO WILDCARD_TIPO_NOTIFICACION (TNF_ID,WNF_ID) VALUES ('120','30');
INSERT INTO WILDCARD_TIPO_NOTIFICACION (TNF_ID,WNF_ID) VALUES ('120','31');
INSERT INTO WILDCARD_TIPO_NOTIFICACION (TNF_ID,WNF_ID) VALUES ('120','40');
INSERT INTO WILDCARD_TIPO_NOTIFICACION (TNF_ID,WNF_ID) VALUES ('120','41');
INSERT INTO WILDCARD_TIPO_NOTIFICACION (TNF_ID,WNF_ID) VALUES ('120','50');
INSERT INTO WILDCARD_TIPO_NOTIFICACION (TNF_ID,WNF_ID) VALUES ('120','51');
INSERT INTO WILDCARD_TIPO_NOTIFICACION (TNF_ID,WNF_ID) VALUES ('120','60');
INSERT INTO WILDCARD_TIPO_NOTIFICACION (TNF_ID,WNF_ID) VALUES ('120','61');
INSERT INTO WILDCARD_TIPO_NOTIFICACION (TNF_ID,WNF_ID) VALUES ('120','70');
INSERT INTO WILDCARD_TIPO_NOTIFICACION (TNF_ID,WNF_ID) VALUES ('120','71');
INSERT INTO WILDCARD_TIPO_NOTIFICACION (TNF_ID,WNF_ID) VALUES ('120','80');
INSERT INTO WILDCARD_TIPO_NOTIFICACION (TNF_ID,WNF_ID) VALUES ('120','81');
INSERT INTO WILDCARD_TIPO_NOTIFICACION (TNF_ID,WNF_ID) VALUES ('120','82');
INSERT INTO WILDCARD_TIPO_NOTIFICACION (TNF_ID,WNF_ID) VALUES ('120','90');
INSERT INTO WILDCARD_TIPO_NOTIFICACION (TNF_ID,WNF_ID) VALUES ('120','91');
INSERT INTO WILDCARD_TIPO_NOTIFICACION (TNF_ID,WNF_ID) VALUES ('120','100');